Sample,Material,Atmosphere,Mass,Tube Diam,Pretreat_voltage,Pretreat_highest,Voltage,PulseTime,Res_Volt,Cap,Init_R,Fin_R,Volt_Drop,Res_Drop,Yield,Yield_Per,I_Max,I_Mean,Charge_Tot,PulseTime_I,I_Final,Maxima,Graphene_Yield,TwoDtoG,DtoG,FWHM 2D,Norm_charge_tot,Norm_I_Max,charge_density,Final_Current_Percent,errors,Graphene_Yield_per
4,CB,vac,200.0,8,320,80,235,900,43.0,96,1.8,0.5,192.0,1.3,54.0,0.27,102.7453,54.06766732,17.35807541,0.33095,10.23175128,8,0.793650794,0.763019137,0.661024583,50.59616543,86.79037705,513.7265,112.8,0.09958364304741919,1.0910515814453134,79.3650794
5,CB,air,187.0,8,60,60,145,125,104.6,96,1.4,0.8,40.4,0.6,128.7,0.688235294,70.26505,36.23167257,3.673380527,0.10225,15.18901201,2,0.253968254,0.646566698,0.500578956,40.27712359,19.64374613368984,375.7489304812834,74.43850267379679,0.21616738350004733,-7.7956634432128915,25.3968254
6,CB,vac,200.0,8,320,80,235,200,110.0,96,1.9,0.7,125.0,1.2,135.0,0.675,141.3396,62.58874421,11.31866211,0.1826,28.20523385,8,0.873015873,0.837778152,0.403399413,52.67949933,56.59331055,706.698,112.8,0.19955648558507313,-2.7852909132812584,87.30158730000001
9,CB,vac,300.0,8,360,120,220,500,126.0,184,2.1,0.8,94.0,1.3,199.0,0.663333333,192.5438,28.83309255,13.72108063,0.48165,12.90866273,1,0.968253968,0.882533526,0.682293989,52.90849346,45.736935433333336,641.8126666666667,134.93333333333334,0.06704273380913849,-10.872142100292962,96.8253968
11,CB,vac,300.0,8,360,120,240,300,31.0,202,3.1,0.3,209.0,2.8,32.0,0.106666667,486.7771,195.9744913,33.7071411,0.17425,15.54189975,2,0.936507937,0.866696673,0.620628193,48.67796597,112.35713700000001,1622.5903333333333,161.6,0.03192816537589792,-13.06346002080079,93.65079370000001
12,CB,vac,300.0,8,300,140,200,500,107.0,202,3.2,0.7,93.0,2.5,216.0,0.72,290.3668,31.94440737,15.24501647,0.4831,16.68141978,1,0.968253968,0.949783395,0.480921742,50.49683987,50.816721566666665,967.8893333333334,134.66666666666666,0.05744947349352611,-11.452845835644524,96.8253968
16,CB,vac,200.0,8,240,110,215,150,94.0,114,1.8,1.2,121.0,0.6,92.0,0.46,206.6823,83.1432774,10.91613422,0.1323,41.94070183,4,0.936507937,0.8541811,0.409732796,52.56582865,54.580671099999996,1033.4115,122.55,0.20292352963945148,-6.853567747851571,93.65079370000001
17,CB,vac,182.0,8,400,160,215,600,29.3,60,1.7,0.2,185.7,1.5,128.2,0.704395604,366.791,50.80516876,17.3089423,0.35645,8.720309883,3,0.53968254,0.912912854,0.433065324,52.00046339,95.10407857142856,2015.335164835165,70.87912087912088,0.023774601566014436,-1.0914763510742205,53.968254
19,CB,vac,260.0,8,240,110,270,350,133.0,114,1.7,0.6,137.0,1.1,179.0,0.688461539,170.3808,38.38533137,12.68966011,0.3346,20.54393707,2,0.904761905,0.95751252,0.450178695,53.2870209,48.80638503846154,655.3107692307692,118.38461538461539,0.12057659706962286,-4.391244821289064,90.4761905
22,CB,vac,200.0,8,170,120,240,1200,22.0,96,1.5,0.5,218.0,1.0,119.0,0.595,212.032,51.49527182,17.96107798,0.4417,8.310217623,3,0.80952381,0.822722732,0.520073045,54.5754167,89.8053899,1060.16,115.2,0.03919322377282674,-2.721439227539065,80.952381
23,CB,vac,150.0,8,290,110,230,75,142.0,78,1.1,0.7,88.0,0.4,114.0,0.76,304.8874,137.2665908,8.091221634,0.0592,70.19607199,2,0.952380952,0.887549177,0.392592538,51.92835025,53.94147756,2032.582666666667,119.6,0.23023605432694166,-9.985325729785146,95.23809519999999
24,CB,vac,150.0,8,290,110,230,125,63.0,78,1.1,0.5,167.0,0.6,96.0,0.64,401.9462,139.7169386,15.19362876,0.10965,49.59626679,2,0.904761905,0.906324694,0.41892315,55.56952932,101.29085839999999,2679.641333333333,119.6,0.12339031141481124,-5.096208505371095,90.4761905
25,CB,vac,150.0,8,290,110,230,250,22.0,78,0.7,0.6,208.0,0.1,109.0,0.726666667,339.2783,83.72476844,18.98412792,0.2301,9.839733349,4,0.920634921,0.840111968,0.460031892,52.32724976,126.56085279999998,2261.8553333333334,119.6,0.02900195311341751,-6.683510105371099,92.0634921
26,CB,vac,200.0,8,340,130,230,400,15.0,96,1.3,0.3,215.0,1.0,172.0,0.86,356.4738,74.39484597,19.02230073,0.28465,11.32939484,2,0.888888889,0.823881495,0.539391861,55.27942996,95.11150365000002,1782.369,110.4,0.03178184438800271,-5.8366656944335915,88.8888889
30,CB,vac,200.0,8,340,130,240,400,20.0,114,1.7,1.2,220.0,0.5,164.0,0.82,380.1653,54.23454901,20.21817644,0.3802,7.548993374,4,0.952380952,0.879848932,0.617325075,54.94247043,101.09088220000001,1900.8265,136.8,0.019857134183472295,-10.636273300585927,95.23809519999999
31,CB,vac,223.5,8,180,60,200,50,169.4,78,1.6,0.7,30.6,0.9,171.1,0.765548098,123.762,99.54152886,3.319112939,0.03355,110.719302,1,0.101010101,0.728653216,0.592529668,34.09906822,14.850617176733781,553.744966442953,69.79865771812081,0.8946146797886265,1.166168435461426,10.1010101
32,CB,vac,200.0,8,340,130,240,200,95.0,114,2.0,1.6,145.0,0.4,188.0,0.94,262.0899,74.66974091,13.22350101,0.17885,27.39762311,4,0.936507937,0.778621002,0.751549019,55.09047224,66.11750504999999,1310.4495,136.8,0.10453521142936069,-8.27824273564454,93.65079370000001
33,CB,air,113.0,8,120,40,185,150,137.0,78,1.7,0.7,48.0,1.0,87.0,0.769911504,101.9811,39.74292828,5.036915597,0.12775,49.56080595,3,0.873015873,0.831848587,0.625395662,44.89003649,44.57447430973451,902.487610619469,127.69911504424779,0.4859803037033333,-9.329816059765633,87.30158730000001
34,CB,arg,153.9,8,300,100,215,30,195.2,114,1.0,1.6,19.8,-0.6,96.2,0.625081222,240.309,138.4015802,1.929820951,0.01405,232.9470653,1,0.777777778,0.955419519,0.753147982,57.94523432,12.539447374918778,1561.4619883040934,159.25925925925927,0.9693647150127543,-5.25543893281251,77.77777780000001
37,CB,arg,156.3,8,240,100,190,70,129.0,114,1.4,0.1,61.0,1.3,114.3,0.731285988,183.755,121.6000973,6.65087165,0.0549,66.37940923,1,0.797979798,0.843328501,0.53458713,46.48689568,42.5519619321817,1175.6557901471526,138.57965451055662,0.3612386559821501,-4.771437136425774,79.7979798
39,CB,vac,235.0,8,340,130,240,500,72.0,114,2.8,0.4,168.0,2.4,203.0,0.863829787,288.0741,31.8618462,15.2246536,0.48325,17.08818659,4,0.968253968,1.063568503,0.470787252,48.59206125,64.78576,1225.8472340425533,116.42553191489361,0.05931871900320091,-10.721514964062493,96.8253968
40,CB,air,146.8,8,240,80,200,40,182.2,150,0.9,1.0,17.8,-0.1,120.8,0.822888283,216.2353,133.2237691,3.049700419,0.023,216.2132847,1,0.717171717,0.656013145,0.794903802,53.54852148,20.774526014986375,1472.992506811989,204.35967302452315,0.9998981882236619,3.650061576367179,71.71717170000001
41,CB,vac,200.0,8,340,130,250,100,159.0,96,1.3,0.9,91.0,0.4,171.0,0.855,316.7332,96.57098455,8.154936163,0.08545,51.5119108,2,0.920634921,0.848323582,0.498537926,49.44775481,40.774680814999996,1583.666,120.0,0.1626350215260036,-5.583504001855474,92.0634921
42,CB,air,156.0,8,100,60,190,225,123.0,96,1.3,0.8,67.0,0.5,117.5,0.753205128,121.4693,32.83178309,6.77930006,0.20845,12.1288704,5,0.80952381,0.83106155,0.551464486,49.3845231,43.457051666666665,778.6493589743591,116.92307692307692,0.09985132375011628,-8.147708758789065,80.952381
44,CB,air,168.0,8,120,40,120,80,95.8,60,1.5,1.1,24.2,0.4,158.0,0.940476191,87.4605,38.28633661,2.256447571,0.05955,29.36337318,2,0.04040404,0.845509616,0.505605654,27.76007292,13.431235541666666,520.5982142857143,42.857142857142854,0.3357329672252045,4.527993521972656,4.0404040000000006
45,CB,vac,200.0,8,340,130,250,1200,12.0,96,2.1,1.1,238.0,1.0,169.0,0.845,217.3817,42.68738673,19.83842109,0.4788,10.26472833,2,0.936507937,0.851975856,0.52757818,52.49035551,99.19210545,1086.9085,120.0,0.04721983649037615,-10.885862974902352,93.65079370000001
46,CB,air,155.0,8,180,80,190,600,73.0,96,1.3,1.0,117.0,0.3,129.2,0.833548387,145.5429,21.28960463,11.94074551,0.5798,12.06562936,2,0.857142857,0.888754332,0.667790145,54.652571,77.03706780645162,938.9864516129032,117.6774193548387,0.08290084476810618,-4.148894159472661,85.7142857
50,CB,vac,102.0,8,80,40,200,340,136.0,96,1.2,0.1,64.0,1.1,112.0,1.098039216,323.9935,61.06687899,10.42047206,0.3237,56.71598444,3,0.822916667,0.787197235,0.686853915,53.37098224,102.16149078431371,3176.406862745098,188.23529411764707,0.17505284655402037,-7.163645459765618,82.2916667
51,CB,vac,165.0,8,0,0,155,120,143.7,132,1.4,0.8,11.3,0.6,51.0,0.309090909,86.31414,22.21266402,2.046312151,0.10415,33.85978896,2,0.402061856,0.683026947,0.772545997,52.02259934,12.401891824242425,523.1159999999999,124.0,0.3922855393102452,-13.297175666528318,40.2061856
52,CB,vac,146.0,8,160,80,180,400,102.0,132,1.4,0.5,78.0,0.9,115.0,0.787671233,189.869,35.81643067,13.58109286,0.3839,20.46124607,2,0.928571429,1.000820995,0.352484023,48.92295656,93.02118397260274,1300.472602739726,162.73972602739727,0.10776506996929462,-11.623294328222656,92.8571429
56,CB,air,199.0,8,180,60,180,500,108.0,114,1.8,0.3,72.0,1.5,100.0,0.502512563,177.259,26.01392619,12.42631844,0.48325,15.07636272,2,0.781512605,0.876653233,0.500749389,48.84912643,62.4438112562814,890.7487437185929,103.11557788944724,0.08505273481177261,1.2406004619140703,78.15126049999999
57,CB,air,200.0,8,240,100,190,500,52.0,114,2.0,0.8,138.0,1.2,108.0,0.54,154.3317,49.26771088,23.54946299,0.48245,30.30854643,10,0.808510638,0.922320026,0.427815014,48.6820742,117.74731494999999,771.6585,108.3,0.19638574855327842,1.4888791321289006,80.8510638
60,MC,arg,220.5,8,240,100,170,520,3.8,96,0.2,0.2,166.2,0.0,192.4,0.872562358,509.3222,61.06060027,17.81394426,0.30635,10.09946096,4,0.358333333,0.539904088,0.480229063,40.66246341,80.78886285714286,2309.851247165533,74.01360544217687,0.019829218047043698,-7.7552083,35.8333333
64,MC,vac,275.0,8,200,80,175,65,47.2,96,0.7,0.6,127.8,0.1,267.0,0.970909091,420.6701,290.860805,13.21805906,0.04565,212.9891831,2,0.428571429,0.474371749,0.736841094,40.15203351,48.065669309090914,1529.7094545454545,61.09090909090909,0.5063092981887707,-4.252608750830078,42.8571429
67,MC,arg,183.0,8,100,70,220,176,5.7,132,0.4,0.2,214.3,0.2,169.0,0.923497268,669.0488,152.5838813,24.2602918,0.15975,10.90634767,1,0.523809524,0.748714272,0.288072569,33.89473805,132.5699005464481,3656.0043715846996,158.68852459016392,0.016301273793481133,0.981726127832026,52.380952400000005
68,MC,arg,217.0,8,120,40,210,156,5.5,96,0.3,0.1,204.5,0.2,209.0,0.963133641,617.8446,161.5894077,22.56537757,0.14055,12.81076331,1,0.444444444,0.621364917,0.651640005,40.92320071,103.98791506912441,2847.210138248848,92.90322580645162,0.02073460431636046,-4.320749026464846,44.4444444
69,MC,vac,284.0,8,225,120,200,50,79.5,96,0.4,0.3,120.5,0.1,259.0,0.911971831,554.4125,396.3038551,12.73898159,0.03225,408.2904163,1,0.238095238,0.634835172,0.568340944,39.22906901,44.85556897887324,1952.156690140845,67.6056338028169,0.7364379704642301,3.2314441412841823,23.809523799999997
70,MC,vac,272.0,8,83,83,205,78,23.1,114,0.4,0.1,181.9,0.3,262.0,0.963235294,569.3152,318.6545637,19.29386938,0.06075,108.8192868,1,0.349206349,0.606746731,0.623562455,41.29044134,70.93334330882354,2093.070588235294,85.91911764705883,0.19114066654113573,4.470138873193356,34.9206349
72,MC,air,319.0,8,225,75,225,168,6.5,132,0.4,0.1,218.5,0.3,304.0,0.952978056,623.5764,159.8659216,23.95540838,0.1504,15.15817484,1,0.26984127,0.503610931,0.700722339,41.56370025,75.09532407523511,1954.7849529780565,93.10344827586206,0.024308448555782416,4.569494292114257,26.984127
75,MC,vac,266.0,8,255,135,240,123,6.9,114,0.3,0.1,233.1,0.2,254.0,0.954887218,703.4397,242.9993188,24.97968939,0.103,23.51087934,1,0.525252525,0.672488605,0.621989472,35.78735247,93.90860672932331,2644.51015037594,102.85714285714286,0.033422735936001334,-12.380400815429681,52.52525249999999
80,MC,vac,205.7,8,400,120,185,400,23.5,96,0.4,0.1,161.5,0.3,175.7,0.854156539,370.2301,51.89086227,17.17807595,0.34295,9.026465209,5,0.316666667,0.558461914,0.546717503,42.29369076,83.51033519688868,1799.8546426835198,86.33932912007779,0.024380689762933914,4.023972795849609,31.6666667
82,PA,vac,305.6,8,240,80,200,480,15.08,78,7.0,0.6,184.92,6.4,1.0,1.0,202.0968,48.35664535,19.71456725,0.41705,12.56238569,5,0.484848485,0.587509086,0.469279915,41.75351609,64.5110184882199,661.3115183246073,51.047120418848166,0.062160240488716295,2.818400859130861,48.4848485
84,PA,vac,214.7,8,210,80,200,420,3.2,96,3.4,0.3,196.8,3.1,159.3,74.19655333,345.7744,67.32597957,20.83693693,0.3266,11.74976616,1,0.565656566,0.624927726,0.453668267,38.40751074,97.0514062878435,1610.5002328830928,89.42710759198883,0.03398101814362197,4.202207627294918,56.565656600000004
85,PA,arg,378.7,8,120,60,160,540,2.7,150,6.8,1.2,157.3,5.6,260.0,68.65592818,154.7138,64.19291106,20.84613693,0.3345,7.543911164,3,0.484848485,0.614029497,0.516692112,40.05643999,55.0465722999736,408.53921309743856,63.374702931080016,0.04876042837807616,-2.9025731093749982,48.4848485
87,PA,vac,342.0,8,205,105,200,75,120.2,132,9.6,1.5,79.8,8.1,266.0,77.77777778,280.0495,161.8966995,9.551260712,0.0594,68.68084159,1,0.303030303,0.54913134,0.570582979,47.848196,27.927662900584792,818.8581871345029,77.19298245614036,0.24524536408742023,-10.354540157177734,30.3030303
88,PA,vac,230.0,8,0,0,120,50,108.0,78,6.4,1.8,12.0,4.6,187.0,81.30434783,70.26505,38.24756655,1.165984251,0.0316,67.12026342,1,0.0,0.0,0.0,0.0,5.069496743478261,305.5002173913043,40.69565217391305,0.955243943041384,8.169925689697266,0.0
89,PA,vac,257.0,8,260,110,210,360,22.3,96,7.7,1.6,187.7,6.1,184.0,71.59533074,401.5641,79.09896254,19.53304469,0.2538,9.45535783,3,0.525252525,0.628102564,0.4413226,38.80577211,76.00406494163424,1562.506225680934,78.44357976653697,0.023546322567181678,-1.0704681066894466,52.52525249999999
91,PA,vac,293.0,8,240,120,215,90,126.4,150,6.8,1.2,88.6,5.6,183.0,62.45733788,386.2792,160.3936186,11.57976762,0.07285,22.39470691,1,0.747474747,0.749079157,0.401135374,42.01029518,39.52139119453925,1318.3590443686007,110.06825938566553,0.057975440846931445,-2.6115036306640604,74.7474747
92,PA,vac,227.0,8,75,55,120,40,110.8,60,5.0,1.9,9.2,3.1,185.0,81.49779736,78.67172,47.36583298,0.859061596,0.01845,75.61542266,1,0.0,0.0,0.0,0.0,3.784412317180617,346.5714537444934,31.718061674008812,0.9611512581649416,8.169925689697266,0.0
93,PA,vac,204.0,8,115,65,190,50,139.3,132,6.9,1.6,50.7,5.3,154.0,75.49019608,298.0092,189.0555084,5.98293384,0.03175,260.5013254,1,0.434343434,0.618229527,0.393533578,41.95761408,29.32810705882353,1460.829411764706,122.94117647058823,0.8741385346492657,-2.380491318701168,43.434343399999996
94,PA,vac,391.0,8,120,90,130,100,80.2,60,7.5,1.3,49.8,6.2,310.0,79.28388747,77.52535,60.82590044,4.743945789,0.0786,56.48980806,1,0.0,0.0,0.0,0.0,12.132853680306905,198.27455242966752,19.948849104859335,0.728662406038799,8.294158935546875,0.0
96,PA,arg,257.2,8,240,120,220,275,38.47,96,6.5,1.4,181.53,5.1,155.3,0.603810264,330.8717,98.10866726,19.29256618,0.22335,10.25578669,1,0.494949495,0.722342316,0.377238284,37.40372285,75.0099773716952,1286.4374027993779,82.11508553654744,0.030996264382840845,0.3508070307617146,49.494949500000004
97,PA,vac,297.0,8,240,80,184,332,60.6,132,6.7,0.8,123.4,5.9,215.0,72.39057239,286.5456,52.07479463,16.30153666,0.3151,21.59275046,1,0.626262626,0.580187088,0.58436177,44.75564318,54.88732882154882,964.7999999999998,81.77777777777777,0.07535537261783117,-4.55891793447266,62.626262600000004
101,PA,vac,302.0,8,220,105,211,187,78.2,168,6.8,0.8,132.8,6.0,206.0,68.21192053,332.018,109.7418426,18.92432174,0.17385,30.37576044,2,0.828282828,0.720485768,0.461906635,42.77824138,62.66331701986755,1099.3973509933774,117.37748344370861,0.09148829412863159,-6.124654259960934,82.8282828
102,PA,vac,237.0,8,200,100,189,332,62.7,150,4.7,0.5,126.3,4.2,172.0,72.57383966,331.2538,53.4612124,16.7755566,0.3165,13.92074429,1,0.848484848,0.730784567,0.47906472,43.30691587,70.78293924050634,1397.6953586497891,119.62025316455696,0.042024406331338686,-6.6218078590820255,84.8484848
104,PA,vac,222.0,8,290,130,215,178,25.1,114,3.8,0.8,189.9,3.0,123.0,55.40540541,500.5334,158.5534565,25.06667066,0.15855,16.62857134,1,0.727272727,0.666167402,0.46070826,45.32832978,112.9129309009009,2254.654954954955,110.4054054054054,0.03322170176855331,4.535987187695312,72.7272727
106,PA,vac,269.0,8,225,90,194,253,58.7,132,4.5,1.0,135.3,3.5,116.0,43.12267658,346.5386,158.7493305,18.23179646,0.11555,17.01466541,2,0.828282828,0.662004882,0.498995071,41.76913936,67.77619501858736,1288.2475836431227,95.19702602230483,0.04909890387391188,-7.568387475292965,82.8282828
107,PA,vac,270.0,8,195,65,181,277,49.8,186,4.9,0.7,131.2,4.2,188.0,69.62962963,274.3177,84.85849975,21.68929443,0.2566,29.67713062,6,0.808080808,0.735075489,0.462056027,45.29518596,80.33072011111112,1015.9914814814814,124.68888888888888,0.10818525607352351,-6.441770680371093,80.8080808
108,PA,vac,292.0,8,300,115,203,164,71.2,96,7.3,0.8,131.8,6.5,178.0,60.95890411,353.4168,116.288323,17.09973157,0.1482,21.36351711,3,0.626262626,0.700137608,0.425723857,41.98832982,58.56072455479452,1210.3315068493152,66.73972602739725,0.06044850474001236,-8.92417901235352,62.626262600000004
110,PA,vac,277.0,8,320,80,207,155,132.5,114,5.7,1.3,74.5,4.4,224.0,80.86642599,355.7095,73.16774678,9.97584798,0.13735,28.49026579,2,0.616161616,0.559496796,0.552659705,44.17688475,36.013891624548734,1284.1498194945848,85.1913357400722,0.0800941942512078,-4.42235590541992,61.6161616
111,PA,vac,273.0,8,295,125,209,198,46.3,132,4.8,0.7,162.7,4.1,197.0,72.16117216,471.1101,119.5151269,21.5958951,0.1818,27.72643613,2,0.787878788,0.733326251,0.448719416,42.74589421,79.10584285714285,1725.678021978022,101.05494505494505,0.05885341055095189,-6.558653641308595,78.7878788
112,PA,vac,348.0,8,200,120,209,202,77.6,150,4.8,0.8,131.4,4.0,205.0,58.90804598,383.9865,135.5257306,23.57412172,0.1743,35.65614367,2,0.707070707,0.680550595,0.474430189,43.15055719,67.74172908045978,1103.4094827586207,90.08620689655173,0.09285780533951063,0.15118277900390353,70.7070707
114,PA,vac,245.0,8,300,100,204,305,23.2,186,4.7,0.6,180.8,4.1,89.0,36.32653061,461.175,134.7390142,29.15030825,0.21805,11.26894319,4,0.707070707,0.665219813,0.49051577,43.7554946,118.98085,1882.3469387755104,154.8734693877551,0.024435286366346832,2.787237771679685,70.7070707
116,PA,air,321.0,8,240,100,160,220,54.0,114,7.6,1.0,106.0,6.6,100.0,0.31152648,223.1135,93.74351949,18.86062885,0.2028,33.50854326,4,0.492753623,0.601806211,0.513293612,38.07293393,58.7558531152648,695.0576323987539,56.822429906542055,0.1501860858262723,0.3612801560546899,49.2753623
117,MC,vac,302.0,8,200,125,217,178,6.9,114,0.3,0.2,210.1,0.1,268.0,0.887417219,605.2346,182.1463625,28.36858626,0.1564,18.58859069,1,0.303030303,0.483977555,0.559179807,40.42544106,93.93571609271524,2004.0880794701986,81.91390728476821,0.03071303373931365,-0.1461928366210934,30.3030303
118,MC,vac,268.0,8,260,110,205,142,50.7,132,0.2,0.2,154.3,0.0,154.0,0.574626866,633.1295,160.0328942,20.23482634,0.12685,98.50127074,3,0.353535354,0.59392871,0.52544447,37.52526142,75.50308335820895,2362.4235074626868,100.97014925373135,0.1555783938988785,6.149203552636713,35.353535400000005
120,MC,vac,303.0,8,180,100,182,194,3.9,114,0.4,0.2,178.1,0.2,254.0,0.838283828,468.8174,136.7058171,24.20996608,0.17805,14.01990581,2,0.161616162,0.528269544,0.589443731,36.90355553,79.90087815181518,1547.2521452145215,68.47524752475248,0.029904832478487357,8.219836360424804,16.1616162
121,MC,vac,339.0,8,310,110,216,115,118.5,96,0.3,0.2,97.5,0.1,291.0,0.85840708,559.3801,138.0793836,12.80633034,0.0987,40.45516224,3,0.404040404,0.608577165,0.539161184,41.65742407,37.776785663716815,1650.088790560472,61.16814159292036,0.07232141837008503,-2.534895960302734,40.4040404
123,MC,vac,271.0,8,150,90,194,105,89.7,114,0.2,0.2,104.3,0.0,249.0,0.918819188,513.9077,157.4191369,13.81300197,0.08815,43.40834815,2,0.383838384,0.573695262,0.463201241,39.09255273,50.97048697416974,1896.3383763837637,81.60885608856088,0.08446720714634165,-2.644668325537104,38.383838399999995
124,MC,vac,273.0,8,205,105,214,238,62.8,96,0.3,0.2,151.2,0.1,228.0,0.835164835,615.1698,102.6233365,19.98011305,0.2189,34.21894349,4,0.292929293,0.545200211,0.553887956,43.7576495,73.18722728937729,2253.369230769231,75.25274725274726,0.05562520053812785,0.7204812682373074,29.292929299999997
125,MC,vac,283.0,8,300,140,225,137,85.1,114,0.3,0.2,139.9,0.1,215.0,0.759717315,649.9428,153.6433625,18.22155545,0.11915,39.98794388,2,0.434343434,0.527490645,0.533435351,39.97405998,64.38712173144877,2296.617667844523,90.63604240282686,0.06152532789039282,-1.1153088235839803,43.434343399999996
126,MC,vac,246.0,8,180,100,200,71,139.0,96,0.2,0.2,61.0,0.0,189.0,0.768292683,537.2171,280.9072054,7.907104264,0.02835,63.69680217,1,0.161616162,0.523839607,0.683196747,42.83500469,32.142700260162606,2183.8093495934954,78.04878048780488,0.11856808387149255,7.7159930529296865,16.1616162
127,MC,vac,282.0,8,300,140,211,136,36.7,132,0.3,0.2,174.3,0.1,174.0,0.617021277,604.8525,187.983265,22.47281631,0.12025,44.33193156,2,0.484848485,0.551285973,0.564517873,35.47879641,79.6908379787234,2144.8670212765956,98.76595744680851,0.07329378908080897,-5.885597706542967,48.4848485
128,MC,vac,261.0,8,285,125,218,179,62.1,114,0.3,0.3,155.9,0.0,231.0,0.885057471,571.608,190.7464112,20.13277067,0.1064,12.553253,2,0.454545455,0.572972389,0.52710985,39.50436688,77.13705237547893,2190.0689655172414,95.2183908045977,0.021961296902772532,-6.564836027343752,45.4545455
129,MC,vac,302.0,8,210,105,185,298,40.8,96,0.3,0.2,144.2,0.1,271.0,0.897350993,463.0856,67.72805777,19.03790485,0.28295,22.80021272,2,0.383838384,0.623981441,0.511167136,39.70364894,63.03942003311258,1533.396026490066,58.80794701986755,0.04923541721012271,2.096122995263677,38.383838399999995
130,MC,vac,258.0,8,240,80,210,212,26.8,96,0.3,0.2,183.2,0.1,185.0,0.717054264,601.0313,124.2798611,24.2464397,0.196,20.20365933,2,0.202020202,0.523004091,0.560378381,38.85941264,93.97844844961242,2329.5786821705424,78.13953488372093,0.03361498698986226,6.810474840893555,20.2020202
131,MC,vac,311.0,8,220,110,207,185,91.4,96,0.3,0.2,115.6,0.1,243.0,0.781350482,548.2986,91.52599471,15.20642083,0.16745,29.65917203,2,0.434343434,0.570242319,0.49954756,39.0553186,48.89524382636657,1763.0180064308681,63.89710610932476,0.05409310187915855,-7.15418821811523,43.434343399999996
133,MC,vac,287.0,8,140,110,213,54,140.1,96,0.3,0.2,72.9,0.1,238.0,0.829268293,539.5098,307.6867954,9.214735753,0.03,88.96551261,1,0.242424242,0.53000103,0.615416512,37.83310452,32.10709321602787,1879.825087108014,71.24738675958189,0.16490064241650476,0.5983999271972635,24.242424200000002
138,TCB,vac,329.0,8,25,25,206,225,152.3,150,5.3,1.3,53.7,4.0,214.0,0.650455927,67.59021,35.20716183,7.188894584,0.20695,22.48675988,4,0.252525253,0.558434418,0.479840808,47.90475617,21.850743416413376,205.441367781155,93.9209726443769,0.33269255828617783,-4.239644974682619,25.252525300000002
140,TCB,vac,433.0,8,85,85,199,68,169.7,150,7.8,1.8,29.3,6.0,383.0,0.884526559,150.1284,73.39542503,3.720483355,0.0512,18.64357792,1,0.060606061,0.493100512,0.530459915,42.60312912,8.59234031177829,346.71685912240184,68.93764434180139,0.12418421777625019,-1.2843147296081545,6.0606061
142,TCB,vac,286.0,8,40,40,214,339,131.0,60,6.1,2.6,83.0,3.5,198.0,0.692307692,86.31414,28.84144767,8.709710651,0.3222,13.67167995,5,0.282828283,0.511610708,0.515012943,49.19716676,30.453533744755244,301.7976923076923,44.89510489510489,0.1583944409340115,11.48983100175781,28.282828300000002
144,TCB,vac,378.0,8,210,105,229,81,164.0,150,7.0,1.3,65.0,5.7,297.0,0.785714286,377.4904,130.6382005,8.053360668,0.06235,14.84651797,1,0.323232323,0.541986057,0.520657063,44.48627898,21.305186952380954,998.6518518518519,90.87301587301587,0.03932952459188366,-11.882346756176759,32.3232323
147,TCB,vac,415.0,8,225,100,194,434,68.8,132,7.8,0.9,125.2,6.9,291.0,0.701204819,192.9259,41.32007149,16.96749922,0.41395,21.31581949,5,0.424242424,0.463018779,0.601621801,50.66798596,40.88554028915663,464.881686746988,61.70602409638554,0.110487080739289,2.231305695703128,42.4242424
149,TCB,vac,398.0,8,60,60,187,265,114.2,168,8.4,1.4,72.8,7.0,254.0,0.638190955,69.50081,44.30386486,10.96917103,0.24855,52.6889269,8,0.181818182,0.486866403,0.56184424,43.93259724,27.56073123115578,174.62515075376885,78.93467336683418,0.7581052206441911,1.6000020972412123,18.1818182
150,TCB,vac,265.0,8,180,90,153,510,26.9,78,6.5,0.8,126.1,5.7,212.0,0.8,171.5271,35.33500811,14.3190678,0.45985,9.839962613,2,0.353535354,0.586744117,0.530212092,48.10902621,54.034218113207544,647.272075471698,45.033962264150944,0.057366810334926674,11.865294708642573,35.353535400000005
151,TCB,vac,419.0,8,210,70,198,372,59.9,96,10.2,1.3,138.1,8.9,309.0,0.737470167,139.0469,46.86899501,16.6122898,0.3578,20.54645907,9,0.545454545,0.645009717,0.466003592,47.3154005,39.64746968973746,331.85417661097847,45.36515513126491,0.14776639443238218,-7.275877473632811,54.5454545
154,TCB,vac,421.0,8,55,55,197,373,137.2,96,6.5,1.9,59.8,4.6,361.0,0.857482185,49.24839,20.37068215,7.072263418,0.3544,9.894873417,3,0.181818182,0.522424108,0.486613818,41.74337124,16.79872545843231,116.97954869358671,44.92161520190024,0.20091770344167595,-0.006265831835936098,18.1818182
155,TCB,vac,270.0,8,55,55,208,283,87.8,150,6.8,0.9,120.2,5.9,146.0,0.540740741,94.7208,59.61331736,15.77308746,0.2673,40.39432856,6,0.525252525,0.563054513,0.483425944,50.07537382,58.418842444444444,350.8177777777778,115.55555555555556,0.42645679259465713,-7.689932980957025,52.52525249999999
157,TCB,vac,278.0,8,150,50,208,287,116.4,150,4.6,0.8,91.6,3.8,176.0,0.633093525,155.4781,45.60349791,12.22568843,0.2683,17.91895387,7,0.414141414,0.602010167,0.453496856,45.2222556,43.97729651079137,559.2737410071943,112.23021582733813,0.11525066147579625,6.825284259179689,41.4141414
158,TCB,vac,419.0,8,60,60,202,372,133.0,96,6.4,1.7,69.0,4.7,317.0,0.756563246,57.65506,22.58269586,7.831231688,0.35295,16.39609105,4,0.171717172,0.561216847,0.454705083,49.14699638,18.690290424821004,137.6015751789976,46.28162291169451,0.2843825164694998,6.948605981152344,17.1717172
159,TCB,vac,238.0,8,225,100,209,272,116.7,150,4.8,0.9,92.3,3.9,196.0,0.823529412,359.5307,48.8611826,12.41262361,0.25595,14.44463231,4,0.808080808,0.690510577,0.428893756,48.75750771,52.15388071428572,1510.633193277311,131.72268907563026,0.04017635297903628,-8.933569081249999,80.8080808
160,TCB,vac,239.0,8,225,100,209,269,126.2,150,5.2,0.8,82.8,4.4,137.0,0.573221757,412.2635,61.89934361,11.69547698,0.1922,14.00274857,5,0.767676768,0.603348014,0.497366329,50.19500084,48.93505012552302,1724.9518828451885,131.1715481171548,0.03396553071033453,-4.057509868847646,76.76767679999999
164,TCB,vac,231.0,8,225,199,209,273,109.5,150,4.7,0.8,99.5,3.9,179.0,0.774891775,539.8919,167.4945204,24.53748441,0.1479,10.59415483,1,0.646464646,0.624285479,0.602525476,46.58406158,106.22287623376624,2337.194372294372,135.71428571428572,0.01962273342126452,6.98946832236328,64.6464646
166,TCB,vac,320.0,8,240,120,220,700,26.5,132,7.8,30.0,193.5,-22.2,109.9,0.3434375,584.9822,159.7911657,33.04437189,0.21485,9.778785028,2,0.692307692,0.636178956,0.482232802,41.47087493,103.26366215625,1828.069375,90.75,0.016716380477901718,-6.3545790144531225,69.2307692
167,TCB,vac,276.0,8,240,80,175,340,78.6,150,10.7,2.3,96.4,8.4,208.6,0.755797101,237.6341,53.54996588,16.88104196,0.31845,17.80966724,1,0.631578947,0.537182158,0.584563785,48.20269956,61.16319550724638,860.993115942029,95.1086956521739,0.07494575584901325,7.377002150585945,63.15789469999999
171,TCB,vac,321.0,8,210,70,160,430,56.0,96,9.0,1.5,104.0,7.5,260.0,0.809968847,216.9996,44.05341645,18.03051274,0.41365,20.94745585,3,0.636363636,0.631813861,0.721581271,32.19309086,56.16982161993769,676.011214953271,47.850467289719624,0.0965322325478941,-9.40889701674805,63.6363636
172,TCB,vac,345.0,8,200,100,150,530,32.0,132,14.9,2.5,118.0,12.4,276.2,0.80057971,142.4859,42.2367833,20.532978,0.5036,9.830294954,1,0.5,0.542554335,0.633723825,43.68470542,59.51587826086956,413.00260869565216,57.391304347826086,0.0689913525057567,-1.9321098327636719,50.0
173,TCB,air,275.0,8,200,100,170,390,33.0,60,13.5,11.7,137.0,1.8,157.0,0.570909091,237.6341,66.08973691,24.09896935,0.3682,15.93017189,3,0.471910112,0.562038261,0.547242353,47.41518358,87.63261581818182,864.124,37.09090909090909,0.06703655700086815,0.7821638488281266,47.1910112
174,TCB,air,294.0,8,210,90,180,70,129.0,60,7.9,1.0,51.0,6.9,235.0,0.799319728,263.2362,156.7744221,8.849149835,0.0566,90.03049082,1,0.270588235,0.481164502,0.6129999,52.49854016,30.099149098639458,895.361224489796,36.734693877551024,0.34201409540177224,8.206149186767576,27.058823500000003
